{
  "project_info": {
    "project_number": "773726569932",
    "firebase_url": "https://isingktv-e9f6d.firebaseio.com",
    "project_id": "isingktv-e9f6d",
    "storage_bucket": "isingktv-e9f6d.appspot.com"
  },
  "client": [
    {
      "client_info": {
        "mobilesdk_app_id": "1:773726569932:android:e8c0bffc46f852fd",
        "android_client_info": {
          "package_name": "com.isingktv"
        }
      },
      "oauth_client": [
        {
          "client_id": "773726569932-i5equu0atlhdu0nqeh2oni54tk9gbfj9.apps.googleusercontent.com",
          "client_type": 1,
          "android_info": {
            "package_name": "com.isingktv",
            "certificate_hash": "27225ae99e854fd2deadab8f65d4b6ffce6058d6"
          }
        },
        {
          "client_id": "773726569932-rhefols32ski37ossk3p2ve8iv5fm14s.apps.googleusercontent.com",
          "client_type": 1,
          "android_info": {
            "package_name": "com.isingktv",
            "certificate_hash": "c7611422385c76dbb9c0f7b0629cf8bc2755a217"
          }
        },
        {
          "client_id": "773726569932-eg7t2mgr1ihuv9ouob0bggtnp1iqgdsr.apps.googleusercontent.com",
          "client_type": 3
        }
      ],
      "api_key": [
        {
          "current_key": "AIzaSyBzpdVr0OQ1i1HXg01rDD3kIa1p8tq-jW8"
        }
      ],
      "services": {
        "analytics_service": {
          "status": 1
        },
        "appinvite_service": {
          "status": 2,
          "other_platform_oauth_client": [
            {
              "client_id": "773726569932-eg7t2mgr1ihuv9ouob0bggtnp1iqgdsr.apps.googleusercontent.com",
              "client_type": 3
            }
          ]
        },
        "ads_service": {
          "status": 2
        }
      }
    }
  ],
  "configuration_version": "1"
}